{"cameraMode":{"drawMode":0,"name":"Shaded","section":"Shading Mode"},"sceneLighting":true,"audioPlay":false,"sceneViewState":{"showFog":true,"showMaterialUpdate":false,"showSkybox":true,"showFlares":true,"showImageEffects":true,"showParticleSystems":true},"in2DMode":false,"pivot":{"x":-0.9620174169540405,"y":8.622601509094239,"z":4.887698173522949},"rotation":{"x":-0.04977435618638992,"y":0.0335499607026577,"z":-0.0014806463150307537,"w":-0.9982918500900269},"size":9.017822265625,"orthographic":false}