{"cameraMode":{"drawMode":0,"name":"Shaded","section":"Shading Mode"},"sceneLighting":true,"audioPlay":false,"sceneViewState":{"showFog":true,"showMaterialUpdate":false,"showSkybox":true,"showFlares":true,"showImageEffects":true,"showParticleSystems":true},"in2DMode":false,"pivot":{"x":-982.9232788085938,"y":64.93485260009766,"z":-7.5234527587890629},"rotation":{"x":0.03234736621379852,"y":-0.14283974468708039,"z":-0.0046790726482868198,"w":-0.9892399907112122},"size":76.04077911376953,"orthographic":false}